,third_level
Other,1227
Glass blocks and panels,462
Sanitary fittings and accessories,383
Space heating and cooling products,373
Furnishings,306
Headwall and swale inlet products,80
Safety cages,74
Handrails,73
"Floor plates, gratings and edgings",60
Power and lighting outlet products,60
Air and fume distribution products,58
"Lighting columns, brackets and bollards",55
Walling units,45
Openings and opening component products,42
Masonry walling units,37
Retaining wall units,28
Prefabricated buildings and structures,25
Structural roofing units,24
"Non-rigid sheet, mat and strip covering and finish products",23
Unit covering and finish products,18
